path,label
embedds/pos0.npy,1
embedds/neg0.npy,0
embedds/pos1.npy,1
embedds/neg1.npy,0
embedds/pos2.npy,1
embedds/neg2.npy,0
embedds/pos3.npy,1
embedds/neg3.npy,0
embedds/pos4.npy,1
embedds/neg4.npy,0
embedds/pos5.npy,1
embedds/neg5.npy,0
embedds/pos6.npy,1
embedds/neg6.npy,0
embedds/pos7.npy,1
embedds/neg7.npy,0
embedds/pos8.npy,1
embedds/neg8.npy,0
embedds/pos9.npy,1
embedds/neg9.npy,0
embedds/pos10.npy,1
embedds/neg10.npy,0
embedds/pos11.npy,1
embedds/neg11.npy,0
embedds/pos12.npy,1
embedds/neg12.npy,0
embedds/pos13.npy,1
embedds/neg13.npy,0
embedds/pos14.npy,1
embedds/neg14.npy,0
embedds/pos15.npy,1
embedds/neg15.npy,0
embedds/pos16.npy,1
embedds/neg16.npy,0
embedds/pos17.npy,1
embedds/neg17.npy,0
embedds/pos18.npy,1
embedds/neg18.npy,0
embedds/pos19.npy,1
embedds/neg19.npy,0
embedds/pos20.npy,1
embedds/neg20.npy,0
embedds/pos21.npy,1
embedds/neg21.npy,0
embedds/pos22.npy,1
embedds/neg22.npy,0
embedds/pos23.npy,1
embedds/neg23.npy,0
embedds/pos24.npy,1
embedds/neg24.npy,0
embedds/pos25.npy,1
embedds/neg25.npy,0
embedds/pos26.npy,1
embedds/neg26.npy,0
embedds/pos27.npy,1
embedds/neg27.npy,0
embedds/pos28.npy,1
embedds/neg28.npy,0
embedds/pos29.npy,1
embedds/neg29.npy,0
embedds/pos30.npy,1
embedds/neg30.npy,0
embedds/pos31.npy,1
embedds/neg31.npy,0
embedds/pos32.npy,1
embedds/neg32.npy,0
embedds/pos33.npy,1
embedds/neg33.npy,0
embedds/pos34.npy,1
embedds/neg34.npy,0
embedds/pos35.npy,1
embedds/neg35.npy,0
embedds/pos36.npy,1
embedds/neg36.npy,0
embedds/pos37.npy,1
embedds/neg37.npy,0
embedds/pos38.npy,1
embedds/neg38.npy,0
embedds/pos39.npy,1
embedds/neg39.npy,0
embedds/pos40.npy,1
embedds/neg40.npy,0
embedds/pos41.npy,1
embedds/neg41.npy,0
embedds/pos42.npy,1
embedds/neg42.npy,0
embedds/pos43.npy,1
embedds/neg43.npy,0
embedds/pos44.npy,1
embedds/neg44.npy,0
embedds/pos45.npy,1
embedds/neg45.npy,0
embedds/pos46.npy,1
embedds/neg46.npy,0
embedds/pos47.npy,1
embedds/neg47.npy,0
embedds/pos48.npy,1
embedds/neg48.npy,0
embedds/pos49.npy,1
embedds/neg49.npy,0
embedds/pos50.npy,1
embedds/neg50.npy,0
embedds/pos51.npy,1
embedds/neg51.npy,0
embedds/pos52.npy,1
embedds/neg52.npy,0
embedds/pos53.npy,1
embedds/neg53.npy,0
embedds/pos54.npy,1
embedds/neg54.npy,0
embedds/pos55.npy,1
embedds/neg55.npy,0
embedds/pos56.npy,1
embedds/neg56.npy,0
embedds/pos57.npy,1
embedds/neg57.npy,0
embedds/pos58.npy,1
embedds/neg58.npy,0
embedds/pos59.npy,1
embedds/neg59.npy,0
embedds/pos60.npy,1
embedds/neg60.npy,0
embedds/pos61.npy,1
embedds/neg61.npy,0
embedds/pos62.npy,1
embedds/neg62.npy,0
embedds/pos63.npy,1
embedds/neg63.npy,0
embedds/pos64.npy,1
embedds/neg64.npy,0
embedds/pos65.npy,1
embedds/neg65.npy,0
embedds/pos66.npy,1
embedds/neg66.npy,0
embedds/pos67.npy,1
embedds/neg67.npy,0
embedds/pos68.npy,1
embedds/neg68.npy,0
embedds/pos69.npy,1
embedds/neg69.npy,0
embedds/pos70.npy,1
embedds/neg70.npy,0
embedds/pos71.npy,1
embedds/neg71.npy,0
embedds/pos72.npy,1
embedds/neg72.npy,0
embedds/pos73.npy,1
embedds/neg73.npy,0
embedds/pos74.npy,1
embedds/neg74.npy,0
embedds/pos75.npy,1
embedds/neg75.npy,0
embedds/pos76.npy,1
embedds/neg76.npy,0
embedds/pos77.npy,1
embedds/neg77.npy,0
embedds/pos78.npy,1
embedds/neg78.npy,0
embedds/pos79.npy,1
embedds/neg79.npy,0
embedds/pos80.npy,1
embedds/neg80.npy,0
embedds/pos81.npy,1
embedds/neg81.npy,0
embedds/pos82.npy,1
embedds/neg82.npy,0
embedds/pos83.npy,1
embedds/neg83.npy,0
embedds/pos84.npy,1
embedds/neg84.npy,0
embedds/pos85.npy,1
embedds/neg85.npy,0
embedds/pos86.npy,1
embedds/neg86.npy,0
embedds/pos87.npy,1
embedds/neg87.npy,0
embedds/pos88.npy,1
embedds/neg88.npy,0
embedds/pos89.npy,1
embedds/neg89.npy,0
embedds/pos90.npy,1
embedds/neg90.npy,0
embedds/pos91.npy,1
embedds/neg91.npy,0
embedds/pos92.npy,1
embedds/neg92.npy,0
embedds/pos93.npy,1
embedds/neg93.npy,0
embedds/pos94.npy,1
embedds/neg94.npy,0
embedds/pos95.npy,1
embedds/neg95.npy,0
embedds/pos96.npy,1
embedds/neg96.npy,0
embedds/pos97.npy,1
embedds/neg97.npy,0
embedds/pos98.npy,1
embedds/neg98.npy,0
embedds/pos99.npy,1
embedds/neg99.npy,0
embedds/pos100.npy,1
embedds/neg100.npy,0
embedds/pos101.npy,1
embedds/neg101.npy,0
embedds/pos102.npy,1
embedds/neg102.npy,0
embedds/pos103.npy,1
embedds/neg103.npy,0
embedds/pos104.npy,1
embedds/neg104.npy,0
embedds/pos105.npy,1
embedds/neg105.npy,0
embedds/pos106.npy,1
embedds/neg106.npy,0
embedds/pos107.npy,1
embedds/neg107.npy,0
embedds/pos108.npy,1
embedds/neg108.npy,0
embedds/pos109.npy,1
embedds/neg109.npy,0
embedds/pos110.npy,1
embedds/neg110.npy,0
embedds/pos111.npy,1
embedds/neg111.npy,0
embedds/pos112.npy,1
embedds/neg112.npy,0
embedds/pos113.npy,1
embedds/neg113.npy,0
embedds/pos114.npy,1
embedds/neg114.npy,0
embedds/pos115.npy,1
embedds/neg115.npy,0
embedds/pos116.npy,1
embedds/neg116.npy,0
embedds/pos117.npy,1
embedds/neg117.npy,0
embedds/pos118.npy,1
embedds/neg118.npy,0
embedds/pos119.npy,1
embedds/neg119.npy,0
embedds/pos120.npy,1
embedds/neg120.npy,0
embedds/pos121.npy,1
embedds/neg121.npy,0
embedds/pos122.npy,1
embedds/neg122.npy,0
embedds/pos123.npy,1
embedds/neg123.npy,0
embedds/pos124.npy,1
embedds/neg124.npy,0
embedds/pos125.npy,1
embedds/neg125.npy,0
embedds/pos126.npy,1
embedds/neg126.npy,0
embedds/pos127.npy,1
embedds/neg127.npy,0
embedds/pos128.npy,1
embedds/neg128.npy,0
embedds/pos129.npy,1
embedds/neg129.npy,0
embedds/pos130.npy,1
embedds/neg130.npy,0
embedds/pos131.npy,1
embedds/neg131.npy,0
embedds/pos132.npy,1
embedds/neg132.npy,0
embedds/pos133.npy,1
embedds/neg133.npy,0
embedds/pos134.npy,1
embedds/neg134.npy,0
embedds/pos135.npy,1
embedds/neg135.npy,0
embedds/pos136.npy,1
embedds/neg136.npy,0
embedds/pos137.npy,1
embedds/neg137.npy,0
embedds/pos138.npy,1
embedds/neg138.npy,0
embedds/pos139.npy,1
embedds/neg139.npy,0
embedds/pos140.npy,1
embedds/neg140.npy,0
embedds/pos141.npy,1
embedds/neg141.npy,0
embedds/pos142.npy,1
embedds/neg142.npy,0
embedds/pos143.npy,1
embedds/neg143.npy,0
embedds/pos144.npy,1
embedds/neg144.npy,0
embedds/pos145.npy,1
embedds/neg145.npy,0
embedds/pos146.npy,1
embedds/neg146.npy,0
embedds/pos147.npy,1
embedds/neg147.npy,0
embedds/pos148.npy,1
embedds/neg148.npy,0
embedds/pos149.npy,1
embedds/neg149.npy,0
embedds/pos150.npy,1
embedds/neg150.npy,0
embedds/pos151.npy,1
embedds/neg151.npy,0
embedds/pos152.npy,1
embedds/neg152.npy,0
embedds/pos153.npy,1
embedds/neg153.npy,0
embedds/pos154.npy,1
embedds/neg154.npy,0
embedds/pos155.npy,1
embedds/neg155.npy,0
embedds/pos156.npy,1
embedds/neg156.npy,0
embedds/pos157.npy,1
embedds/neg157.npy,0
embedds/pos158.npy,1
embedds/neg158.npy,0
embedds/pos159.npy,1
embedds/neg159.npy,0
embedds/pos160.npy,1
embedds/neg160.npy,0
embedds/pos161.npy,1
embedds/neg161.npy,0
embedds/pos162.npy,1
embedds/neg162.npy,0
embedds/pos163.npy,1
embedds/neg163.npy,0
embedds/pos164.npy,1
embedds/neg164.npy,0
embedds/pos165.npy,1
embedds/neg165.npy,0
embedds/pos166.npy,1
embedds/neg166.npy,0
embedds/pos167.npy,1
embedds/neg167.npy,0
embedds/pos168.npy,1
embedds/neg168.npy,0
embedds/pos169.npy,1
embedds/neg169.npy,0
embedds/pos170.npy,1
embedds/neg170.npy,0
embedds/pos171.npy,1
embedds/neg171.npy,0
embedds/pos172.npy,1
embedds/neg172.npy,0
embedds/pos173.npy,1
embedds/neg173.npy,0
embedds/pos174.npy,1
embedds/neg174.npy,0
embedds/pos175.npy,1
embedds/neg175.npy,0
embedds/pos176.npy,1
embedds/neg176.npy,0
embedds/pos177.npy,1
embedds/neg177.npy,0
embedds/pos178.npy,1
embedds/neg178.npy,0
embedds/pos179.npy,1
embedds/neg179.npy,0
embedds/pos180.npy,1
embedds/neg180.npy,0
embedds/pos181.npy,1
embedds/neg181.npy,0
embedds/pos182.npy,1
embedds/neg182.npy,0
embedds/pos183.npy,1
embedds/neg183.npy,0
embedds/pos184.npy,1
embedds/neg184.npy,0
embedds/pos185.npy,1
embedds/neg185.npy,0
embedds/pos186.npy,1
embedds/neg186.npy,0
embedds/pos187.npy,1
embedds/neg187.npy,0
embedds/pos188.npy,1
embedds/neg188.npy,0
embedds/pos189.npy,1
embedds/neg189.npy,0
embedds/pos190.npy,1
embedds/neg190.npy,0
embedds/pos191.npy,1
embedds/neg191.npy,0
embedds/pos192.npy,1
embedds/neg192.npy,0
embedds/pos193.npy,1
embedds/neg193.npy,0
embedds/pos194.npy,1
embedds/neg194.npy,0
embedds/pos195.npy,1
embedds/neg195.npy,0
embedds/pos196.npy,1
embedds/neg196.npy,0
embedds/pos197.npy,1
embedds/neg197.npy,0
embedds/pos198.npy,1
embedds/neg198.npy,0
embedds/pos199.npy,1
embedds/neg199.npy,0
embedds/pos200.npy,1
embedds/neg200.npy,0
embedds/pos201.npy,1
embedds/neg201.npy,0
embedds/pos202.npy,1
embedds/neg202.npy,0
embedds/pos203.npy,1
embedds/neg203.npy,0
embedds/pos204.npy,1
embedds/neg204.npy,0
embedds/pos205.npy,1
embedds/neg205.npy,0
embedds/pos206.npy,1
embedds/neg206.npy,0
embedds/pos207.npy,1
embedds/neg207.npy,0
embedds/pos208.npy,1
embedds/neg208.npy,0
embedds/pos209.npy,1
embedds/neg209.npy,0
embedds/pos210.npy,1
embedds/neg210.npy,0
embedds/pos211.npy,1
embedds/neg211.npy,0
embedds/pos212.npy,1
embedds/neg212.npy,0
embedds/pos213.npy,1
embedds/neg213.npy,0
embedds/pos214.npy,1
embedds/neg214.npy,0
embedds/pos215.npy,1
embedds/neg215.npy,0
embedds/pos216.npy,1
embedds/neg216.npy,0
embedds/pos217.npy,1
embedds/neg217.npy,0
embedds/pos218.npy,1
embedds/neg218.npy,0
embedds/pos219.npy,1
embedds/neg219.npy,0
embedds/pos220.npy,1
embedds/neg220.npy,0
embedds/pos221.npy,1
embedds/neg221.npy,0
embedds/pos222.npy,1
embedds/neg222.npy,0
embedds/pos223.npy,1
embedds/neg223.npy,0
embedds/pos224.npy,1
embedds/neg224.npy,0
embedds/pos225.npy,1
embedds/neg225.npy,0
embedds/pos226.npy,1
embedds/neg226.npy,0
embedds/pos227.npy,1
embedds/neg227.npy,0
embedds/pos228.npy,1
embedds/neg228.npy,0
embedds/pos229.npy,1
embedds/neg229.npy,0
embedds/pos230.npy,1
embedds/neg230.npy,0
embedds/pos231.npy,1
embedds/neg231.npy,0
embedds/pos232.npy,1
embedds/neg232.npy,0
embedds/pos233.npy,1
embedds/neg233.npy,0
embedds/pos234.npy,1
embedds/neg234.npy,0
embedds/pos235.npy,1
embedds/neg235.npy,0
embedds/pos236.npy,1
embedds/neg236.npy,0
embedds/pos237.npy,1
embedds/neg237.npy,0
embedds/pos238.npy,1
embedds/neg238.npy,0
embedds/pos239.npy,1
embedds/neg239.npy,0
embedds/pos240.npy,1
embedds/neg240.npy,0
embedds/pos241.npy,1
embedds/neg241.npy,0
embedds/pos242.npy,1
embedds/neg242.npy,0
embedds/pos243.npy,1
embedds/neg243.npy,0
embedds/pos244.npy,1
embedds/neg244.npy,0
embedds/pos245.npy,1
embedds/neg245.npy,0
embedds/pos246.npy,1
embedds/neg246.npy,0
embedds/pos247.npy,1
embedds/neg247.npy,0
embedds/pos248.npy,1
embedds/neg248.npy,0
embedds/pos249.npy,1
embedds/neg249.npy,0
embedds/pos250.npy,1
embedds/neg250.npy,0
embedds/pos251.npy,1
embedds/neg251.npy,0
embedds/pos252.npy,1
embedds/neg252.npy,0
embedds/pos253.npy,1
embedds/neg253.npy,0
embedds/pos254.npy,1
embedds/neg254.npy,0
embedds/pos255.npy,1
embedds/neg255.npy,0
embedds/pos256.npy,1
embedds/neg256.npy,0
embedds/pos257.npy,1
embedds/neg257.npy,0
embedds/pos258.npy,1
embedds/neg258.npy,0
embedds/pos259.npy,1
embedds/neg259.npy,0
embedds/pos260.npy,1
embedds/neg260.npy,0
embedds/pos261.npy,1
embedds/neg261.npy,0
embedds/pos262.npy,1
embedds/neg262.npy,0
embedds/pos263.npy,1
embedds/neg263.npy,0
embedds/pos264.npy,1
embedds/neg264.npy,0
embedds/pos265.npy,1
embedds/neg265.npy,0
embedds/pos266.npy,1
embedds/neg266.npy,0
embedds/pos267.npy,1
embedds/neg267.npy,0
embedds/pos268.npy,1
embedds/neg268.npy,0
embedds/pos269.npy,1
embedds/neg269.npy,0
embedds/pos270.npy,1
embedds/neg270.npy,0
embedds/pos271.npy,1
embedds/neg271.npy,0
embedds/pos272.npy,1
embedds/neg272.npy,0
embedds/pos273.npy,1
embedds/neg273.npy,0
embedds/pos274.npy,1
embedds/neg274.npy,0
embedds/pos275.npy,1
embedds/neg275.npy,0
embedds/pos276.npy,1
embedds/neg276.npy,0
embedds/pos277.npy,1
embedds/neg277.npy,0
embedds/pos278.npy,1
embedds/neg278.npy,0
embedds/pos279.npy,1
embedds/neg279.npy,0
embedds/pos280.npy,1
embedds/neg280.npy,0
embedds/pos281.npy,1
embedds/neg281.npy,0
embedds/pos282.npy,1
embedds/neg282.npy,0
embedds/pos283.npy,1
embedds/neg283.npy,0
embedds/pos284.npy,1
embedds/neg284.npy,0
embedds/pos285.npy,1
embedds/neg285.npy,0
embedds/pos286.npy,1
embedds/neg286.npy,0
embedds/pos287.npy,1
embedds/neg287.npy,0
embedds/pos288.npy,1
embedds/neg288.npy,0
embedds/pos289.npy,1
embedds/neg289.npy,0
embedds/pos290.npy,1
embedds/neg290.npy,0
embedds/pos291.npy,1
embedds/neg291.npy,0
embedds/pos292.npy,1
embedds/neg292.npy,0
embedds/pos293.npy,1
embedds/neg293.npy,0
embedds/pos294.npy,1
embedds/neg294.npy,0
embedds/pos295.npy,1
embedds/neg295.npy,0
embedds/pos296.npy,1
embedds/neg296.npy,0
embedds/pos297.npy,1
embedds/neg297.npy,0
embedds/pos298.npy,1
embedds/neg298.npy,0
embedds/pos299.npy,1
embedds/neg299.npy,0
